id,first_name,last_name,email,date_of_birth,profession,gender
100,Clo,Zola,Clo.Zola@email.com,1998-02-16,police officer,male
101,Alia,Raseda,Alia.Raseda@email.com,1983-08-03,doctor,female
102,Concettina,Zrike,Concettina.Zrike@email.com,1990-04-27,doctor,female
103,Norine,Kelula,Norine.Kelula@email.com,1983-12-07,firefighter,male
104,Paola,Corrine,Paola.Corrine@email.com,1998-05-27,developer,male
105,Tierney,Willie,Tierney.Willie@email.com,1999-04-27,worker,male
106,Joane,Barrus,Joane.Barrus@email.com,1987-10-05,worker,female
107,Rebeca,Ries,Rebeca.Ries@email.com,1987-09-05,developer,female
108,Britni,Malanie,Britni.Malanie@email.com,1988-04-14,firefighter,female
109,Bettine,Rudolph,Bettine.Rudolph@email.com,1985-04-27,worker,female
110,Karina,Randene,Karina.Randene@email.com,1994-10-14,worker,female
111,Chastity,Trinetta,Chastity.Trinetta@email.com,1994-04-21,developer,female
112,Fayre,Pelagias,Fayre.Pelagias@email.com,1997-05-19,worker,male
113,Coral,Adore,Coral.Adore@email.com,1987-06-12,doctor,female
114,Penelopa,Atonsah,Penelopa.Atonsah@email.com,1997-05-01,police officer,male
115,Audrie,Moseley,Audrie.Moseley@email.com,1998-11-01,doctor,male
116,Karena,Papageno,Karena.Papageno@email.com,1980-04-25,doctor,female
117,Tybie,Hylan,Tybie.Hylan@email.com,1991-02-21,police officer,male
118,Hyacinthe,Presber,Hyacinthe.Presber@email.com,1992-11-07,worker,female
119,Keelia,Croix,Keelia.Croix@email.com,1985-08-22,worker,female
120,Kaja,Melony,Kaja.Melony@email.com,1984-03-14,developer,male
121,Eolanda,Turne,Eolanda.Turne@email.com,1986-04-01,developer,male
122,Esmeralda,Carri,Esmeralda.Carri@email.com,1984-07-08,police officer,male
123,Natka,Mata,Natka.Mata@email.com,1995-04-25,police officer,male
124,Halette,Linskey,Halette.Linskey@email.com,1998-05-10,firefighter,female
125,Agathe,Tybald,Agathe.Tybald@email.com,1981-01-17,developer,male
126,Brooks,Bari,Brooks.Bari@email.com,1998-01-16,firefighter,male
127,Thalia,Alwin,Thalia.Alwin@email.com,1991-07-03,worker,female
128,Lizzie,Orlene,Lizzie.Orlene@email.com,1983-02-26,police officer,female
129,Delilah,Tryck,Delilah.Tryck@email.com,1999-02-03,developer,male
130,Pollyanna,Agle,Pollyanna.Agle@email.com,1995-11-30,developer,male
131,Renae,Blake,Renae.Blake@email.com,1980-05-13,doctor,female
132,Adore,Grimbly,Adore.Grimbly@email.com,1995-06-11,firefighter,female
133,Susan,Anton,Susan.Anton@email.com,1984-10-15,developer,male
134,Joy,Solitta,Joy.Solitta@email.com,1988-03-30,police officer,female
135,Celestyna,Dyche,Celestyna.Dyche@email.com,1998-09-11,police officer,female
136,Janis,Rheingold,Janis.Rheingold@email.com,1994-03-29,police officer,male
137,Tobe,Shuler,Tobe.Shuler@email.com,1997-10-29,doctor,female
138,Andeee,Amasa,Andeee.Amasa@email.com,1993-01-11,firefighter,female
139,Carmela,Eckblad,Carmela.Eckblad@email.com,1998-09-10,worker,female
140,Larine,Campball,Larine.Campball@email.com,1990-03-15,firefighter,male
141,Cordi,Briney,Cordi.Briney@email.com,1980-09-04,doctor,male
142,Christian,Gert,Christian.Gert@email.com,2000-05-31,worker,female
143,Viki,Magnolia,Viki.Magnolia@email.com,1984-12-30,doctor,female
144,Farrah,Junie,Farrah.Junie@email.com,1995-05-06,police officer,female
145,Larine,Ashok,Larine.Ashok@email.com,1984-03-10,doctor,male
146,Gusella,Richers,Gusella.Richers@email.com,1994-06-29,doctor,female
147,Teddie,Letsou,Teddie.Letsou@email.com,1980-06-29,worker,male
148,Patricia,Bryna,Patricia.Bryna@email.com,1994-09-24,worker,male
149,Violet,Rocray,Violet.Rocray@email.com,2000-10-05,worker,male
150,Shell,Newell,Shell.Newell@email.com,1998-06-20,developer,female
151,Annice,Septima,Annice.Septima@email.com,1987-02-27,firefighter,male
152,Ursulina,Shelba,Ursulina.Shelba@email.com,2000-01-18,police officer,male
153,Sabina,Phaidra,Sabina.Phaidra@email.com,1997-07-01,developer,male
154,Therine,Burnside,Therine.Burnside@email.com,1990-02-28,firefighter,female
155,Delilah,Lory,Delilah.Lory@email.com,1999-10-24,worker,female
156,Fawne,Mathilde,Fawne.Mathilde@email.com,1986-09-13,firefighter,female
157,Tomasina,Gilmour,Tomasina.Gilmour@email.com,1980-02-20,police officer,male
158,Kial,Delacourt,Kial.Delacourt@email.com,1985-09-24,doctor,male
159,Michaelina,Alejoa,Michaelina.Alejoa@email.com,1985-01-10,police officer,male
160,Celestyna,Kronfeld,Celestyna.Kronfeld@email.com,1996-07-17,developer,female
161,Kristina,Garlinda,Kristina.Garlinda@email.com,1986-05-31,developer,female
162,Agnese,Dawkins,Agnese.Dawkins@email.com,1988-06-18,worker,female
163,Albertina,Guildroy,Albertina.Guildroy@email.com,1993-04-22,worker,female
164,Dale,Dex,Dale.Dex@email.com,1989-04-15,developer,male
165,Edith,Mallon,Edith.Mallon@email.com,1992-02-25,firefighter,female
166,Althea,Kussell,Althea.Kussell@email.com,1995-03-19,worker,male
167,Kristan,Pernick,Kristan.Pernick@email.com,1997-05-04,doctor,male
168,Elfreda,Nester,Elfreda.Nester@email.com,1980-12-07,firefighter,female
169,Lita,Roscoe,Lita.Roscoe@email.com,1980-04-21,firefighter,female
170,Annaliese,Jarib,Annaliese.Jarib@email.com,1985-04-03,doctor,male
171,Lory,Lay,Lory.Lay@email.com,1981-04-03,developer,female
172,Lauryn,Raul,Lauryn.Raul@email.com,1993-02-26,developer,female
173,Madeleine,Bibi,Madeleine.Bibi@email.com,2000-02-02,police officer,male
174,Lyssa,Salchunas,Lyssa.Salchunas@email.com,2000-05-16,police officer,female
175,Clary,Elo,Clary.Elo@email.com,1993-12-11,worker,male
176,Carmencita,Riva,Carmencita.Riva@email.com,1988-12-29,worker,female
177,Evaleen,Vernier,Evaleen.Vernier@email.com,1993-04-12,worker,male
178,Sophia,Eiser,Sophia.Eiser@email.com,1985-07-28,firefighter,female
179,Tierney,Nikaniki,Tierney.Nikaniki@email.com,1980-02-15,worker,male
180,Kate,Charity,Kate.Charity@email.com,1991-06-01,police officer,female
181,Dania,Gert,Dania.Gert@email.com,1985-11-04,developer,female
182,Neila,Gusella,Neila.Gusella@email.com,1990-11-09,doctor,male
183,Lonnie,Philoo,Lonnie.Philoo@email.com,1990-03-14,police officer,female
184,Roslyn,Maisey,Roslyn.Maisey@email.com,1981-11-21,worker,male
185,Elie,Tatianas,Elie.Tatianas@email.com,1998-09-26,firefighter,female
186,Kylynn,Rugen,Kylynn.Rugen@email.com,1985-12-02,worker,male
187,Queenie,Vilma,Queenie.Vilma@email.com,1993-11-13,doctor,female
188,Annaliese,Santoro,Annaliese.Santoro@email.com,1984-07-28,doctor,female
189,Giustina,Merat,Giustina.Merat@email.com,1985-09-28,police officer,male
190,Marsiella,Iaverne,Marsiella.Iaverne@email.com,2000-05-20,worker,male
191,Vita,Harl,Vita.Harl@email.com,1997-03-25,police officer,male
192,Leia,Pulsifer,Leia.Pulsifer@email.com,1985-08-01,police officer,female
193,Jolyn,Heisel,Jolyn.Heisel@email.com,1999-08-04,firefighter,female
194,Annabela,Croix,Annabela.Croix@email.com,1980-09-24,worker,female
195,Kittie,Salchunas,Kittie.Salchunas@email.com,1982-02-17,firefighter,male
196,Maridel,Delila,Maridel.Delila@email.com,1983-01-30,police officer,female
197,Paulita,Dreda,Paulita.Dreda@email.com,1992-06-06,worker,male
198,Ingrid,Artie,Ingrid.Artie@email.com,1990-09-21,doctor,female
199,Kelly,Septima,Kelly.Septima@email.com,1998-10-16,police officer,male
200,Kalina,Weitman,Kalina.Weitman@email.com,1991-10-14,police officer,female
201,Tatiania,Arathorn,Tatiania.Arathorn@email.com,1996-08-25,developer,male
202,Tori,Izaak,Tori.Izaak@email.com,1997-02-20,firefighter,female
203,Lorie,Gaulin,Lorie.Gaulin@email.com,1980-02-11,worker,female
204,Stephanie,Syd,Stephanie.Syd@email.com,1994-01-27,police officer,female
205,Bettine,Zaslow,Bettine.Zaslow@email.com,1980-10-04,developer,female
206,Adele,Neils,Adele.Neils@email.com,1995-05-25,worker,female
207,Nelle,Niles,Nelle.Niles@email.com,1980-07-24,firefighter,female
208,Elie,Friede,Elie.Friede@email.com,1980-02-10,doctor,female
209,Livvyy,Kermit,Livvyy.Kermit@email.com,1983-09-18,firefighter,male
210,Lucy,Dash,Lucy.Dash@email.com,1985-03-18,firefighter,female
211,Dawn,Amethist,Dawn.Amethist@email.com,1985-10-20,developer,male
212,Rosabelle,Munn,Rosabelle.Munn@email.com,1998-08-02,worker,male
213,Robbi,Dex,Robbi.Dex@email.com,1992-12-11,doctor,female
214,Jan,Stelle,Jan.Stelle@email.com,1997-08-04,doctor,male
215,Harrietta,Raul,Harrietta.Raul@email.com,1999-10-02,doctor,male
216,Mureil,Henebry,Mureil.Henebry@email.com,1985-11-13,developer,male
217,Lesly,Lilybelle,Lesly.Lilybelle@email.com,1984-03-08,worker,female
218,Claudina,Bach,Claudina.Bach@email.com,1991-03-21,firefighter,female
219,Marline,Pond,Marline.Pond@email.com,1992-01-19,worker,female
220,Jsandye,August,Jsandye.August@email.com,1996-08-04,doctor,male
221,Brynna,Couture,Brynna.Couture@email.com,1991-11-08,doctor,female
222,Violet,Ardeha,Violet.Ardeha@email.com,1986-04-16,developer,male
223,Jan,Sparhawk,Jan.Sparhawk@email.com,1991-06-27,developer,male
224,Dorthy,Remmer,Dorthy.Remmer@email.com,1982-02-17,police officer,male
225,Cherrita,Bultman,Cherrita.Bultman@email.com,1998-04-30,doctor,female
226,Kaia,Sperling,Kaia.Sperling@email.com,1989-12-20,firefighter,female
227,Zia,Selway,Zia.Selway@email.com,1996-09-19,worker,male
228,Kathy,Boycey,Kathy.Boycey@email.com,1998-06-08,worker,female
229,Lulita,Edee,Lulita.Edee@email.com,1983-07-10,worker,male
230,Kial,Edvard,Kial.Edvard@email.com,1984-06-21,worker,female
231,Cissiee,Tatianas,Cissiee.Tatianas@email.com,1991-03-15,developer,male
232,Dorice,Raychel,Dorice.Raychel@email.com,1995-09-29,police officer,female
233,Ingrid,Garek,Ingrid.Garek@email.com,1988-09-23,firefighter,male
234,Alie,Daniele,Alie.Daniele@email.com,1996-05-10,developer,male
235,Rubie,Viddah,Rubie.Viddah@email.com,1981-01-14,worker,male
236,Orelia,Hortensia,Orelia.Hortensia@email.com,1987-04-06,firefighter,male
237,Dania,Jena,Dania.Jena@email.com,1980-04-06,firefighter,female
238,Agathe,Fiann,Agathe.Fiann@email.com,1998-08-13,worker,female
239,Emmey,Meli,Emmey.Meli@email.com,1980-07-11,police officer,male
240,Jaime,Ackerley,Jaime.Ackerley@email.com,1982-10-28,police officer,female
241,Gilda,Quinn,Gilda.Quinn@email.com,1984-12-30,developer,female
242,Genovera,Maples,Genovera.Maples@email.com,1984-05-22,worker,female
243,Bernie,Rolf,Bernie.Rolf@email.com,1985-01-13,police officer,male
244,Riannon,Georas,Riannon.Georas@email.com,1990-10-27,developer,female
245,Feliza,Jotham,Feliza.Jotham@email.com,1986-04-09,worker,male
246,Bobinette,Hylan,Bobinette.Hylan@email.com,1988-09-05,doctor,female
247,Ethel,Hutchison,Ethel.Hutchison@email.com,1994-06-05,firefighter,female
248,Joy,Lesley,Joy.Lesley@email.com,1984-06-21,doctor,female
249,Audrie,Kronfeld,Audrie.Kronfeld@email.com,1985-02-10,worker,male
250,Cathyleen,Mathilde,Cathyleen.Mathilde@email.com,1992-10-31,doctor,male
251,Elyssa,O'Carroll,Elyssa.O'Carroll@email.com,1987-05-17,developer,male
252,Hollie,Paine,Hollie.Paine@email.com,1985-05-15,worker,male
253,Sherrie,Blisse,Sherrie.Blisse@email.com,1988-06-23,worker,male
254,Marylou,Ehrman,Marylou.Ehrman@email.com,1980-04-16,police officer,male
255,Talya,Oneida,Talya.Oneida@email.com,1994-06-01,doctor,female
256,Merrie,Jacqui,Merrie.Jacqui@email.com,1996-10-13,firefighter,female
257,Cissiee,Stav,Cissiee.Stav@email.com,1981-03-05,doctor,male
258,Caryl,Carlson,Caryl.Carlson@email.com,1988-05-30,developer,male
259,Susette,Waite,Susette.Waite@email.com,1980-08-14,worker,female
260,Tierney,Brunell,Tierney.Brunell@email.com,1983-10-24,firefighter,male
261,Anestassia,Odell,Anestassia.Odell@email.com,1990-06-25,firefighter,female
262,Rani,Willie,Rani.Willie@email.com,1983-11-14,developer,male
263,Sue,Gabrielli,Sue.Gabrielli@email.com,1988-08-19,doctor,male
264,Chastity,Campball,Chastity.Campball@email.com,1997-12-03,worker,male
265,Jaclyn,Ackerley,Jaclyn.Ackerley@email.com,1996-11-16,developer,male
266,Sabina,Beebe,Sabina.Beebe@email.com,1987-11-02,worker,female
267,Sheelagh,Bates,Sheelagh.Bates@email.com,1998-03-06,firefighter,female
268,Mamie,Halla,Mamie.Halla@email.com,1984-04-16,police officer,male
269,Noelle,Baudin,Noelle.Baudin@email.com,1987-03-18,doctor,male
270,Rivalee,Ephrem,Rivalee.Ephrem@email.com,1981-08-16,worker,female
271,Blinni,Trinetta,Blinni.Trinetta@email.com,1984-01-24,doctor,female
272,Nelle,Means,Nelle.Means@email.com,1987-04-17,doctor,male
273,Evaleen,Zamora,Evaleen.Zamora@email.com,2000-06-26,doctor,female
274,Candy,Hieronymus,Candy.Hieronymus@email.com,1997-12-21,developer,male
275,Madelle,McNully,Madelle.McNully@email.com,1995-05-01,worker,male
276,Selia,Buffum,Selia.Buffum@email.com,1995-02-27,worker,female
277,Orsola,Astra,Orsola.Astra@email.com,1994-08-05,police officer,male
278,Isa,Agle,Isa.Agle@email.com,2000-02-25,doctor,male
279,Brynna,Tacye,Brynna.Tacye@email.com,1988-08-05,firefighter,male
280,Meriel,Elephus,Meriel.Elephus@email.com,1986-03-11,firefighter,male
281,Linzy,Tristram,Linzy.Tristram@email.com,1993-04-09,developer,male
282,Barbara,Albertine,Barbara.Albertine@email.com,1987-09-24,firefighter,male
283,Clarice,Donell,Clarice.Donell@email.com,1986-11-15,worker,female
284,Bettine,Weide,Bettine.Weide@email.com,1993-08-27,doctor,female
285,Jemie,Fink,Jemie.Fink@email.com,1986-10-13,police officer,female
286,Mellicent,Septima,Mellicent.Septima@email.com,1999-04-11,doctor,female
287,Kristina,Germann,Kristina.Germann@email.com,1983-02-06,police officer,female
288,Jillayne,Docilla,Jillayne.Docilla@email.com,1998-12-10,doctor,male
289,Joceline,Christine,Joceline.Christine@email.com,1993-08-06,worker,male
290,Bernardine,Haldas,Bernardine.Haldas@email.com,1994-01-17,police officer,male
291,Sindee,Bandeen,Sindee.Bandeen@email.com,1999-01-01,developer,female
292,Marleah,Thad,Marleah.Thad@email.com,1985-01-28,firefighter,male
293,Zaria,Pulsifer,Zaria.Pulsifer@email.com,1982-09-08,police officer,male
294,Paule,Kosey,Paule.Kosey@email.com,1985-10-02,police officer,male
295,Mariele,Madox,Mariele.Madox@email.com,1996-02-29,doctor,female
296,Lauryn,Arathorn,Lauryn.Arathorn@email.com,1994-12-12,worker,male
297,Emelina,McClimans,Emelina.McClimans@email.com,1991-10-25,firefighter,female
298,Courtnay,Drisko,Courtnay.Drisko@email.com,1992-12-27,doctor,male
299,Aigneis,Ingra,Aigneis.Ingra@email.com,1988-03-23,worker,female
300,Lynde,Rubie,Lynde.Rubie@email.com,1980-10-03,police officer,female
301,Gaylene,Frendel,Gaylene.Frendel@email.com,1993-05-13,worker,male
302,Gloria,Buttaro,Gloria.Buttaro@email.com,1988-06-03,police officer,male
303,Ariela,Firmin,Ariela.Firmin@email.com,1980-01-15,doctor,male
304,Madeleine,Mintz,Madeleine.Mintz@email.com,1990-01-31,developer,male
305,Marguerite,Sherrie,Marguerite.Sherrie@email.com,1994-02-13,doctor,male
306,Dawn,Rodmann,Dawn.Rodmann@email.com,1992-03-10,firefighter,male
307,Hayley,Laurianne,Hayley.Laurianne@email.com,1996-07-22,firefighter,female
308,Carree,Yate,Carree.Yate@email.com,1987-02-16,firefighter,female
309,Nerta,Sheedy,Nerta.Sheedy@email.com,1980-04-07,developer,female
310,Ellette,Stelle,Ellette.Stelle@email.com,2000-05-21,worker,female
311,Britte,Hazlett,Britte.Hazlett@email.com,1982-06-06,doctor,male
312,Nariko,Woodberry,Nariko.Woodberry@email.com,1997-02-24,firefighter,female
313,Silvana,Japeth,Silvana.Japeth@email.com,1991-10-22,police officer,male
314,Dorothy,Himelman,Dorothy.Himelman@email.com,1987-05-28,developer,male
315,Rosene,Estella,Rosene.Estella@email.com,1991-03-26,doctor,female
316,Drucie,Wiener,Drucie.Wiener@email.com,1987-09-19,doctor,female
317,Liana,Brackely,Liana.Brackely@email.com,1999-02-23,firefighter,female
318,Libbie,Maurine,Libbie.Maurine@email.com,1980-07-04,firefighter,male
319,Rozele,Jotham,Rozele.Jotham@email.com,1986-11-13,doctor,male
320,Kaia,Mathilde,Kaia.Mathilde@email.com,1982-01-15,doctor,male
321,Eugine,Callista,Eugine.Callista@email.com,1980-03-04,police officer,female
322,Adele,Ricarda,Adele.Ricarda@email.com,1980-02-22,police officer,male
323,Candy,Stilwell,Candy.Stilwell@email.com,1989-05-15,firefighter,male
324,Brietta,Gaal,Brietta.Gaal@email.com,1996-01-07,doctor,female
325,Gratia,Ader,Gratia.Ader@email.com,1985-12-02,developer,female
326,Harrietta,Clywd,Harrietta.Clywd@email.com,1983-10-03,worker,male
327,Cassandra,Marden,Cassandra.Marden@email.com,1994-06-27,worker,female
328,Jenda,Decato,Jenda.Decato@email.com,1989-07-21,doctor,male
329,Daphne,Horan,Daphne.Horan@email.com,1985-12-10,developer,male
330,Nariko,Tremayne,Nariko.Tremayne@email.com,1980-08-04,worker,male
331,Jessy,Kiyoshi,Jessy.Kiyoshi@email.com,1991-06-15,doctor,female
332,Ariela,Wind,Ariela.Wind@email.com,1981-09-20,developer,female
333,Beth,Joeann,Beth.Joeann@email.com,1984-10-20,firefighter,female
334,Tani,Devlen,Tani.Devlen@email.com,1988-09-16,police officer,male
335,Jaclyn,MacIntosh,Jaclyn.MacIntosh@email.com,2000-08-12,police officer,female
336,Shannah,Selway,Shannah.Selway@email.com,1989-10-13,doctor,male
337,Addia,Callista,Addia.Callista@email.com,1985-02-26,police officer,female
338,Joeann,Grosz,Joeann.Grosz@email.com,1980-10-18,firefighter,female
339,Ardeen,Friede,Ardeen.Friede@email.com,2000-02-03,developer,female
340,Ilse,Edee,Ilse.Edee@email.com,1994-03-14,firefighter,female
341,Leanna,Zamora,Leanna.Zamora@email.com,1993-03-19,doctor,female
342,Kathy,Breed,Kathy.Breed@email.com,1989-08-07,firefighter,female
343,Ginnie,Lauraine,Ginnie.Lauraine@email.com,1992-09-30,doctor,male
344,Melina,Larochelle,Melina.Larochelle@email.com,2000-07-19,doctor,male
345,Sheree,Vorster,Sheree.Vorster@email.com,2000-05-30,doctor,female
346,Brandise,Prober,Brandise.Prober@email.com,1993-12-23,doctor,male
347,Rubie,Mauer,Rubie.Mauer@email.com,1984-07-13,worker,female
348,Annaliese,Alice,Annaliese.Alice@email.com,1981-09-17,doctor,female
349,Marita,Weitman,Marita.Weitman@email.com,1985-05-14,doctor,male
350,Donetta,Morgun,Donetta.Morgun@email.com,1987-03-27,firefighter,male
351,Daryl,Cyrie,Daryl.Cyrie@email.com,1994-11-30,doctor,male
352,Ruthe,Holtz,Ruthe.Holtz@email.com,1989-10-07,police officer,female
353,Elvira,Decato,Elvira.Decato@email.com,2000-03-04,police officer,female
354,Sonni,Kermit,Sonni.Kermit@email.com,1996-05-12,developer,male
355,Tori,Donell,Tori.Donell@email.com,1990-12-22,firefighter,female
356,Alyda,Berard,Alyda.Berard@email.com,1990-03-01,developer,male
357,Starla,Izaak,Starla.Izaak@email.com,1988-02-26,firefighter,female
358,Edee,Ball,Edee.Ball@email.com,1984-03-22,police officer,male
359,Alisha,Rubie,Alisha.Rubie@email.com,1992-04-18,developer,male
360,Neila,Marsden,Neila.Marsden@email.com,1994-02-06,firefighter,male
361,Brana,Jarib,Brana.Jarib@email.com,1986-09-11,worker,male
362,Isa,Seligman,Isa.Seligman@email.com,1980-10-02,worker,male
363,Nataline,Joli,Nataline.Joli@email.com,1981-01-30,firefighter,female
364,Melina,Codding,Melina.Codding@email.com,1982-11-19,firefighter,female
365,Kial,Kalinda,Kial.Kalinda@email.com,1997-09-20,worker,male
366,Jenda,Anis,Jenda.Anis@email.com,1993-04-17,worker,male
367,Linzy,Buttaro,Linzy.Buttaro@email.com,1990-09-15,worker,female
368,Priscilla,Havens,Priscilla.Havens@email.com,1985-05-29,worker,male
369,Cordi,McGrody,Cordi.McGrody@email.com,1981-02-01,developer,male
370,Gilligan,Garlinda,Gilligan.Garlinda@email.com,1991-07-21,doctor,male
371,Cecile,Anselmi,Cecile.Anselmi@email.com,1995-12-07,police officer,male
372,Karena,Bethany,Karena.Bethany@email.com,1991-02-26,developer,female
373,Brandise,Voletta,Brandise.Voletta@email.com,1988-02-18,worker,male
374,Mariann,Grosz,Mariann.Grosz@email.com,1981-06-15,firefighter,female
375,Aurelie,Toffic,Aurelie.Toffic@email.com,1985-11-01,doctor,male
376,Christy,Lynn,Christy.Lynn@email.com,1985-04-02,firefighter,male
377,Ileana,Tyson,Ileana.Tyson@email.com,2000-06-09,firefighter,female
378,Rosabelle,Olin,Rosabelle.Olin@email.com,1985-07-28,firefighter,male
379,Grier,Isidore,Grier.Isidore@email.com,1985-08-31,doctor,male
380,Marjie,Kendrick,Marjie.Kendrick@email.com,1992-10-06,firefighter,female
381,Karena,Orpah,Karena.Orpah@email.com,1994-09-05,doctor,male
382,Trudie,Goode,Trudie.Goode@email.com,2000-05-16,developer,female
383,Georgetta,Lail,Georgetta.Lail@email.com,1996-03-26,police officer,male
384,Sara-Ann,Weinreb,Sara-Ann.Weinreb@email.com,1986-10-22,worker,male
385,Ericka,Wallis,Ericka.Wallis@email.com,1999-04-18,firefighter,female
386,Augustine,Ephrem,Augustine.Ephrem@email.com,1990-04-16,developer,female
387,Chloris,Seumas,Chloris.Seumas@email.com,1982-10-09,worker,male
388,Yvonne,Poppy,Yvonne.Poppy@email.com,1991-03-01,police officer,male
389,Paulita,Valoniah,Paulita.Valoniah@email.com,1991-07-09,police officer,female
390,Minne,Bethany,Minne.Bethany@email.com,1983-06-06,developer,female
391,Nariko,Mandler,Nariko.Mandler@email.com,1986-06-09,developer,female
392,Hettie,Stanwood,Hettie.Stanwood@email.com,1987-04-19,doctor,male
393,Lonnie,Kussell,Lonnie.Kussell@email.com,1998-04-22,firefighter,female
394,Hallie,Timon,Hallie.Timon@email.com,1999-12-03,worker,female
395,Cecile,Korey,Cecile.Korey@email.com,1987-08-31,firefighter,female
396,Di,Beebe,Di.Beebe@email.com,1994-05-22,firefighter,female
397,Marguerite,Grobe,Marguerite.Grobe@email.com,1996-09-10,developer,male
398,Maryellen,Sperling,Maryellen.Sperling@email.com,1995-03-17,police officer,male
399,Valeda,Diogenes,Valeda.Diogenes@email.com,1980-08-05,police officer,male
400,Brana,Japeth,Brana.Japeth@email.com,1981-07-07,developer,female
401,Georgetta,Ardeha,Georgetta.Ardeha@email.com,1985-06-01,worker,male
402,Dominga,Suanne,Dominga.Suanne@email.com,1993-06-15,police officer,male
403,Melodie,Ciapas,Melodie.Ciapas@email.com,1986-05-04,firefighter,female
404,Brena,Gamaliel,Brena.Gamaliel@email.com,1986-08-08,doctor,male
405,Gerrie,Grayce,Gerrie.Grayce@email.com,1997-10-27,developer,male
406,Gisela,Astra,Gisela.Astra@email.com,1981-06-25,doctor,male
407,Annecorinne,Eachern,Annecorinne.Eachern@email.com,1985-04-23,developer,male
408,Cassandra,Rhu,Cassandra.Rhu@email.com,2000-11-22,worker,male
409,Lorne,Belldas,Lorne.Belldas@email.com,1999-05-30,developer,male
410,Marcelline,Gombach,Marcelline.Gombach@email.com,1998-01-04,worker,male
411,Kore,Skell,Kore.Skell@email.com,1987-01-03,developer,male
412,Judy,Kalinda,Judy.Kalinda@email.com,1985-01-04,doctor,male
413,Dode,Germann,Dode.Germann@email.com,1993-06-06,police officer,male
414,Raina,Rheingold,Raina.Rheingold@email.com,1993-05-18,worker,male
415,Gwenneth,Braun,Gwenneth.Braun@email.com,1984-08-23,developer,male
416,Queenie,Tybald,Queenie.Tybald@email.com,1988-11-01,doctor,male
417,Darlleen,Rad,Darlleen.Rad@email.com,1984-07-17,police officer,male
418,Goldie,Dorine,Goldie.Dorine@email.com,1994-09-26,developer,female
419,Ginnie,Othilia,Ginnie.Othilia@email.com,1991-11-27,doctor,male
420,Cindelyn,Cherianne,Cindelyn.Cherianne@email.com,1994-08-09,developer,male
421,Henriette,Shama,Henriette.Shama@email.com,1994-11-29,developer,female
422,Jaime,Campball,Jaime.Campball@email.com,2000-12-20,police officer,male
423,Lucy,Leifeste,Lucy.Leifeste@email.com,1983-08-10,firefighter,female
424,Hyacinthe,Decato,Hyacinthe.Decato@email.com,1980-07-28,developer,female
425,Merci,Schlosser,Merci.Schlosser@email.com,1998-09-13,worker,male
426,Amalie,Hortensia,Amalie.Hortensia@email.com,1994-09-19,worker,female
427,Kittie,Gaynor,Kittie.Gaynor@email.com,1981-03-11,police officer,male
428,Aigneis,Liebermann,Aigneis.Liebermann@email.com,1990-06-20,worker,female
429,Trixi,Cosenza,Trixi.Cosenza@email.com,1986-04-27,worker,female
430,Elka,Huggins,Elka.Huggins@email.com,1985-07-01,developer,male
431,Ilse,Ader,Ilse.Ader@email.com,2000-01-18,police officer,female
432,Marti,Schenck,Marti.Schenck@email.com,1998-01-18,developer,female
433,Berta,Wyn,Berta.Wyn@email.com,1994-06-09,police officer,male
434,Deane,Durante,Deane.Durante@email.com,1990-08-24,police officer,male
435,Edith,Ball,Edith.Ball@email.com,1987-01-13,police officer,female
436,Misha,Earlie,Misha.Earlie@email.com,1987-01-13,doctor,female
437,Kimberley,Phyllis,Kimberley.Phyllis@email.com,1996-05-14,developer,male
438,Jerry,Madox,Jerry.Madox@email.com,1984-07-19,worker,female
439,Gusty,Edee,Gusty.Edee@email.com,1981-10-18,police officer,female
440,Halette,Malanie,Halette.Malanie@email.com,1996-01-30,developer,female
441,Ayn,Ambrosia,Ayn.Ambrosia@email.com,1981-10-20,developer,male
442,Jean,Burch,Jean.Burch@email.com,1989-07-05,worker,female
443,Romona,Kesley,Romona.Kesley@email.com,2000-06-12,police officer,male
444,Camile,Genna,Camile.Genna@email.com,1995-06-02,doctor,female
445,Elmira,Pascia,Elmira.Pascia@email.com,1995-11-01,police officer,female
446,Roslyn,Suanne,Roslyn.Suanne@email.com,1991-10-15,police officer,female
447,Keelia,Stefa,Keelia.Stefa@email.com,1984-07-08,worker,male
448,Aeriela,Gale,Aeriela.Gale@email.com,1991-06-11,doctor,female
449,Joeann,Himelman,Joeann.Himelman@email.com,1991-02-08,firefighter,female
450,Mellicent,Delp,Mellicent.Delp@email.com,1983-02-15,police officer,female
451,Jessamyn,Hurley,Jessamyn.Hurley@email.com,1990-09-16,developer,female
452,Ruthe,Rurik,Ruthe.Rurik@email.com,2000-12-10,worker,female
453,Brandise,Wooster,Brandise.Wooster@email.com,2000-08-01,worker,male
454,Alyda,Rogerio,Alyda.Rogerio@email.com,1984-09-28,developer,female
455,Halette,Fennessy,Halette.Fennessy@email.com,1984-01-13,doctor,male
456,Corly,Parsaye,Corly.Parsaye@email.com,1997-07-10,firefighter,female
457,Riannon,Kaete,Riannon.Kaete@email.com,1981-02-04,worker,male
458,Carol-Jean,Viddah,Carol-Jean.Viddah@email.com,1985-04-10,doctor,male
459,Ekaterina,Arquit,Ekaterina.Arquit@email.com,1983-08-18,worker,female
460,Albertina,Henrie,Albertina.Henrie@email.com,1994-06-07,doctor,female
461,Janeczka,Desai,Janeczka.Desai@email.com,1999-12-26,worker,male
462,Chloris,Lytton,Chloris.Lytton@email.com,1980-02-08,worker,female
463,Selia,Ophelia,Selia.Ophelia@email.com,1985-03-02,developer,female
464,Misha,Klemperer,Misha.Klemperer@email.com,1994-08-18,developer,female
465,Marcy,Schroth,Marcy.Schroth@email.com,1988-07-12,worker,female
466,Karlee,Denis,Karlee.Denis@email.com,1982-10-04,developer,female
467,Sherrie,Lenny,Sherrie.Lenny@email.com,1981-08-05,developer,female
468,Annora,Honoria,Annora.Honoria@email.com,1988-11-30,police officer,male
469,Joelly,Seligman,Joelly.Seligman@email.com,1996-04-02,police officer,male
470,Jasmina,Wadell,Jasmina.Wadell@email.com,1989-08-30,police officer,male
471,Lily,Burkle,Lily.Burkle@email.com,1982-01-04,police officer,male
472,Ericka,Gaynor,Ericka.Gaynor@email.com,1986-12-19,developer,female
473,Imojean,Concha,Imojean.Concha@email.com,1981-09-30,firefighter,male
474,Alexine,Zrike,Alexine.Zrike@email.com,1983-10-23,doctor,female
475,Robinia,Evangelia,Robinia.Evangelia@email.com,1980-10-30,worker,female
476,Sindee,Charmine,Sindee.Charmine@email.com,1993-05-06,police officer,female
477,Lusa,Wandie,Lusa.Wandie@email.com,1988-06-11,doctor,male
478,Andree,Westphal,Andree.Westphal@email.com,1993-04-23,firefighter,female
479,Dennie,Rubie,Dennie.Rubie@email.com,1991-02-27,developer,male
480,Malina,Ilka,Malina.Ilka@email.com,1997-11-01,doctor,female
481,Carol-Jean,Quinn,Carol-Jean.Quinn@email.com,1991-12-22,police officer,male
482,Nessie,Wenoa,Nessie.Wenoa@email.com,1980-02-28,worker,female
483,Christian,Deny,Christian.Deny@email.com,1981-12-08,doctor,male
484,Goldie,Boehike,Goldie.Boehike@email.com,1982-04-19,police officer,female
485,Asia,Malanie,Asia.Malanie@email.com,1986-10-03,doctor,female
486,Lucille,Hoban,Lucille.Hoban@email.com,1990-01-21,developer,male
487,Sadie,Whittaker,Sadie.Whittaker@email.com,1994-08-14,police officer,male
488,Bill,Kronfeld,Bill.Kronfeld@email.com,2000-11-24,doctor,male
489,Clo,Carmena,Clo.Carmena@email.com,1984-05-20,worker,male
490,Dode,Syd,Dode.Syd@email.com,1982-04-26,developer,female
491,Josephine,Camden,Josephine.Camden@email.com,1982-05-16,developer,male
492,Mady,Thilda,Mady.Thilda@email.com,1984-09-15,firefighter,male
493,Dennie,Peti,Dennie.Peti@email.com,2000-01-29,firefighter,male
494,Dari,Germann,Dari.Germann@email.com,1986-04-02,police officer,female
495,Dominga,Zina,Dominga.Zina@email.com,1985-03-28,police officer,female
496,Roberta,Joni,Roberta.Joni@email.com,1993-01-17,developer,female
497,Andeee,Denis,Andeee.Denis@email.com,1981-11-24,worker,female
498,Yetty,Dawkins,Yetty.Dawkins@email.com,1996-02-17,firefighter,male
499,Carly,Fabiola,Carly.Fabiola@email.com,2000-05-23,firefighter,female
500,Susan,Lissi,Susan.Lissi@email.com,1997-06-03,developer,male
501,Cassandra,Loring,Cassandra.Loring@email.com,1997-03-17,police officer,male
502,Rhea,Gillan,Rhea.Gillan@email.com,1994-01-02,worker,male
503,Florencia,Avi,Florencia.Avi@email.com,1994-11-09,police officer,female
504,Henriette,Sekofski,Henriette.Sekofski@email.com,1998-04-05,doctor,male
505,Catharine,Bari,Catharine.Bari@email.com,1998-06-04,worker,male
506,Ardenia,Audly,Ardenia.Audly@email.com,1993-08-02,firefighter,female
507,Elora,Natalia,Elora.Natalia@email.com,1992-11-04,doctor,female
508,Shirlee,Odell,Shirlee.Odell@email.com,1987-05-20,developer,female
509,Yolane,Serilda,Yolane.Serilda@email.com,1998-06-20,developer,female
510,Mamie,Jagir,Mamie.Jagir@email.com,1992-07-10,developer,male
511,Lita,Kirbee,Lita.Kirbee@email.com,1982-10-23,police officer,female
512,Madalyn,Ledah,Madalyn.Ledah@email.com,1996-12-08,police officer,female
513,Rosaline,Felecia,Rosaline.Felecia@email.com,1991-04-05,doctor,male
514,Lilith,Heidt,Lilith.Heidt@email.com,1984-10-25,firefighter,male
515,Leanna,Koziara,Leanna.Koziara@email.com,1987-02-16,developer,female
516,Dominga,Gower,Dominga.Gower@email.com,1993-05-11,firefighter,female
517,Alie,Urania,Alie.Urania@email.com,1988-06-06,doctor,male
518,Georgetta,Ries,Georgetta.Ries@email.com,1985-12-22,doctor,male
519,Mignon,Wyn,Mignon.Wyn@email.com,1990-09-19,developer,male
520,Celestyna,Socha,Celestyna.Socha@email.com,1988-12-24,doctor,male
521,Halette,Lail,Halette.Lail@email.com,1988-09-25,firefighter,male
522,Janeczka,Millda,Janeczka.Millda@email.com,1985-08-22,worker,male
523,Sindee,Delila,Sindee.Delila@email.com,1983-10-12,worker,female
524,Loree,McNully,Loree.McNully@email.com,1989-11-22,firefighter,male
525,Dolli,Neils,Dolli.Neils@email.com,1986-01-07,developer,male
526,Alejandra,Ader,Alejandra.Ader@email.com,2000-06-19,doctor,male
527,Sashenka,Whiffen,Sashenka.Whiffen@email.com,1982-08-28,developer,male
528,Vevay,Rese,Vevay.Rese@email.com,1996-12-03,worker,male
529,Gale,Reinke,Gale.Reinke@email.com,1993-09-22,worker,male
530,Sara-Ann,Maples,Sara-Ann.Maples@email.com,1997-06-24,developer,male
531,Myrtice,Marisa,Myrtice.Marisa@email.com,1989-07-28,firefighter,female
532,Kial,Audly,Kial.Audly@email.com,1992-06-22,developer,female
533,Florencia,Stoller,Florencia.Stoller@email.com,1991-12-29,police officer,male
534,Theodora,Ader,Theodora.Ader@email.com,1998-06-09,doctor,female
535,Sharlene,Cherianne,Sharlene.Cherianne@email.com,1998-10-12,worker,female
536,Sandie,Sikorski,Sandie.Sikorski@email.com,1994-09-26,police officer,male
537,Madeleine,Bearnard,Madeleine.Bearnard@email.com,1991-03-14,worker,female
538,Rhea,Percy,Rhea.Percy@email.com,1989-10-11,firefighter,male
539,Constance,Ammann,Constance.Ammann@email.com,1991-04-24,firefighter,male
540,Miquela,Monaco,Miquela.Monaco@email.com,1999-11-29,worker,female
541,Wileen,Codding,Wileen.Codding@email.com,1995-08-02,doctor,female
542,Kylynn,Vernier,Kylynn.Vernier@email.com,1990-05-17,doctor,male
543,Clary,Rona,Clary.Rona@email.com,1987-06-16,firefighter,female
544,Lonnie,Etom,Lonnie.Etom@email.com,1990-01-20,developer,female
545,Felice,Syd,Felice.Syd@email.com,1981-12-24,developer,male
546,Allyce,Barney,Allyce.Barney@email.com,1994-01-08,worker,female
547,Felice,Atcliffe,Felice.Atcliffe@email.com,1989-06-09,doctor,male
548,Janeczka,Jehu,Janeczka.Jehu@email.com,1987-03-23,worker,male
549,Netty,Zeeba,Netty.Zeeba@email.com,1995-06-21,police officer,female
550,Concettina,Afton,Concettina.Afton@email.com,1986-05-07,developer,male
551,Diena,August,Diena.August@email.com,1983-10-24,doctor,male
552,Minne,Philipp,Minne.Philipp@email.com,1983-08-12,worker,female
553,Ileana,Shaddock,Ileana.Shaddock@email.com,1997-06-16,police officer,male
554,Taffy,Nedrud,Taffy.Nedrud@email.com,1981-06-27,police officer,male
555,Karlee,Kinnard,Karlee.Kinnard@email.com,1995-12-22,police officer,male
556,Elise,Yusuk,Elise.Yusuk@email.com,1996-06-11,doctor,male
557,Leeanne,Quinn,Leeanne.Quinn@email.com,1992-02-13,developer,female
558,Nannie,Campball,Nannie.Campball@email.com,1999-01-07,firefighter,male
559,Thalia,Fitzsimmons,Thalia.Fitzsimmons@email.com,1981-09-21,developer,female
560,Rubie,Berriman,Rubie.Berriman@email.com,1985-06-11,developer,female
561,Miquela,Pauly,Miquela.Pauly@email.com,1980-04-24,police officer,male
562,Rosanne,Carolin,Rosanne.Carolin@email.com,1994-01-10,firefighter,female
563,Calla,Brodench,Calla.Brodench@email.com,1988-10-23,worker,female
564,Ekaterina,Teryn,Ekaterina.Teryn@email.com,1995-05-28,police officer,female
565,Kathi,Sheng,Kathi.Sheng@email.com,1986-10-10,police officer,male
566,Lisette,Middleton,Lisette.Middleton@email.com,1989-10-31,developer,female
567,Lily,Bendick,Lily.Bendick@email.com,1989-11-07,developer,female
568,Arlina,Palocz,Arlina.Palocz@email.com,1985-01-05,firefighter,female
569,Dolli,Merna,Dolli.Merna@email.com,1991-03-25,doctor,female
570,Harrietta,Nelsen,Harrietta.Nelsen@email.com,1987-02-20,police officer,male
571,Viki,Vilma,Viki.Vilma@email.com,1990-03-18,police officer,male
572,Vere,Annabella,Vere.Annabella@email.com,1993-02-14,worker,female
573,Kassey,Lamoree,Kassey.Lamoree@email.com,2000-05-13,worker,female
574,Ardenia,Cassius,Ardenia.Cassius@email.com,1994-01-16,police officer,male
575,Heddie,Jillane,Heddie.Jillane@email.com,1990-10-21,police officer,female
576,Fawne,Joni,Fawne.Joni@email.com,1990-12-03,police officer,male
577,Charlena,Jefferey,Charlena.Jefferey@email.com,1982-01-06,developer,male
578,Betta,Ricki,Betta.Ricki@email.com,1995-06-18,developer,male
579,Merci,Wallis,Merci.Wallis@email.com,2000-01-26,worker,female
580,Lusa,Carvey,Lusa.Carvey@email.com,1999-12-11,doctor,female
581,Rani,Matthew,Rani.Matthew@email.com,1994-03-25,worker,female
582,Starla,Ingra,Starla.Ingra@email.com,1980-03-06,firefighter,female
583,Nickie,Macey,Nickie.Macey@email.com,1984-04-25,developer,male
584,Carilyn,Ashok,Carilyn.Ashok@email.com,1996-02-23,police officer,female
585,Tatiania,Jacinda,Tatiania.Jacinda@email.com,1995-09-17,doctor,male
586,Christal,Sherrie,Christal.Sherrie@email.com,1987-04-14,firefighter,female
587,Vinita,Urias,Vinita.Urias@email.com,1990-01-20,developer,female
588,Kirstin,Bearnard,Kirstin.Bearnard@email.com,1981-04-04,police officer,male
589,Renie,Hoenack,Renie.Hoenack@email.com,1988-12-12,police officer,male
590,Philis,Truc,Philis.Truc@email.com,1985-11-20,police officer,male
591,Alyda,McLaughlin,Alyda.McLaughlin@email.com,1986-04-20,doctor,male
592,Pearline,Delp,Pearline.Delp@email.com,1984-10-05,developer,female
593,Carmencita,Daniele,Carmencita.Daniele@email.com,1999-02-08,police officer,male
594,Collen,Infield,Collen.Infield@email.com,1993-12-07,doctor,female
595,Quintina,Sacken,Quintina.Sacken@email.com,1982-02-11,developer,female
596,Elise,Hoenack,Elise.Hoenack@email.com,2000-08-14,worker,female
597,Tobe,Tyson,Tobe.Tyson@email.com,1988-04-14,worker,male
598,Kimberley,Bluh,Kimberley.Bluh@email.com,1994-07-06,developer,female
599,Concettina,Georgy,Concettina.Georgy@email.com,1997-12-03,police officer,male
600,Dorthy,Eliathas,Dorthy.Eliathas@email.com,1991-11-09,worker,male
601,Trudie,Ries,Trudie.Ries@email.com,1984-07-29,police officer,male
602,Nannie,Zola,Nannie.Zola@email.com,1999-07-02,worker,female
603,Jacenta,Cohdwell,Jacenta.Cohdwell@email.com,1992-10-21,police officer,male
604,Verla,Teddman,Verla.Teddman@email.com,1989-01-13,developer,male
605,Dari,Bonilla,Dari.Bonilla@email.com,1998-10-28,doctor,female
606,Ronna,Cecile,Ronna.Cecile@email.com,1981-06-23,firefighter,female
607,Maridel,Hashim,Maridel.Hashim@email.com,1997-10-07,developer,female
608,Cherrita,Johnsson,Cherrita.Johnsson@email.com,1981-11-17,police officer,female
609,Roxane,Zola,Roxane.Zola@email.com,1994-06-07,police officer,male
610,Celene,Bronk,Celene.Bronk@email.com,1993-07-10,police officer,male
611,Ebonee,Nedrud,Ebonee.Nedrud@email.com,1996-06-28,firefighter,male
612,Elbertina,Stacy,Elbertina.Stacy@email.com,1994-05-22,police officer,female
613,Lizzie,Gamaliel,Lizzie.Gamaliel@email.com,1984-11-11,doctor,male
614,Cissiee,Kussell,Cissiee.Kussell@email.com,1985-12-01,police officer,male
615,Deloria,Carey,Deloria.Carey@email.com,1989-02-03,worker,female
616,Jinny,Rad,Jinny.Rad@email.com,1997-10-06,police officer,female
617,Mamie,Carey,Mamie.Carey@email.com,1980-08-09,firefighter,female
618,Aryn,Codding,Aryn.Codding@email.com,1984-11-24,doctor,female
619,Roxane,Dahlia,Roxane.Dahlia@email.com,2000-10-16,developer,male
620,Chere,Fosque,Chere.Fosque@email.com,1992-10-22,developer,female
621,Brynna,Delila,Brynna.Delila@email.com,1986-11-21,doctor,female
622,Margette,Forrer,Margette.Forrer@email.com,1997-04-29,firefighter,male
623,Verla,Destinee,Verla.Destinee@email.com,1998-03-20,developer,male
624,Brianna,Imelida,Brianna.Imelida@email.com,1986-02-19,worker,male
625,Basia,Germann,Basia.Germann@email.com,1984-07-26,doctor,female
626,Gabriellia,Flyn,Gabriellia.Flyn@email.com,1996-08-20,doctor,male
627,Ida,Shanley,Ida.Shanley@email.com,1990-07-10,doctor,female
628,Tina,Letsou,Tina.Letsou@email.com,1997-12-08,doctor,male
629,Annice,Dielu,Annice.Dielu@email.com,1983-11-20,police officer,male
630,Lelah,Alarise,Lelah.Alarise@email.com,1995-05-21,developer,male
631,Hildegaard,Loring,Hildegaard.Loring@email.com,1990-09-08,doctor,male
632,Jere,Kellby,Jere.Kellby@email.com,1990-11-09,doctor,male
633,Sissy,Therine,Sissy.Therine@email.com,1987-01-07,police officer,male
634,Sarette,Kazimir,Sarette.Kazimir@email.com,1981-03-11,police officer,female
635,Misha,Stav,Misha.Stav@email.com,1986-04-14,developer,female
636,Corry,McNully,Corry.McNully@email.com,2000-04-01,firefighter,female
637,Louella,Noam,Louella.Noam@email.com,1988-04-01,police officer,female
638,Briney,Barrus,Briney.Barrus@email.com,1991-02-21,police officer,female
639,Joceline,Dyche,Joceline.Dyche@email.com,1998-02-15,doctor,female
640,Jsandye,Marisa,Jsandye.Marisa@email.com,1999-01-14,developer,male
641,Dione,Erlandson,Dione.Erlandson@email.com,1996-01-28,firefighter,male
642,Celene,Tillford,Celene.Tillford@email.com,1992-07-03,police officer,female
643,Susette,Barrus,Susette.Barrus@email.com,1996-06-16,worker,female
644,Rhea,Schlosser,Rhea.Schlosser@email.com,1980-06-21,developer,female
645,Ivett,Gunn,Ivett.Gunn@email.com,1999-02-28,police officer,male
646,Aili,Wattenberg,Aili.Wattenberg@email.com,1994-02-19,firefighter,male
647,Fanchon,Carvey,Fanchon.Carvey@email.com,1997-07-12,developer,female
648,Cathyleen,Couture,Cathyleen.Couture@email.com,1987-03-21,firefighter,female
649,Taffy,Sperling,Taffy.Sperling@email.com,1985-12-09,worker,female
650,Ira,Schalles,Ira.Schalles@email.com,1989-06-28,worker,male
651,Wynne,Radu,Wynne.Radu@email.com,1980-11-04,worker,male
652,Sue,Quent,Sue.Quent@email.com,1990-03-03,firefighter,male
653,Sonni,Jacinda,Sonni.Jacinda@email.com,1983-07-05,worker,female
654,Margette,Ackerley,Margette.Ackerley@email.com,1980-09-11,police officer,female
655,Frieda,Laurianne,Frieda.Laurianne@email.com,1987-12-10,worker,female
656,Allis,Romelda,Allis.Romelda@email.com,1998-10-19,doctor,female
657,Beth,Cloris,Beth.Cloris@email.com,1982-03-30,police officer,female
658,Teriann,Fitzsimmons,Teriann.Fitzsimmons@email.com,1987-03-18,developer,female
659,Adore,Yate,Adore.Yate@email.com,1996-02-08,worker,male
660,Raf,Holtz,Raf.Holtz@email.com,1993-08-20,police officer,male
661,Esmeralda,Burch,Esmeralda.Burch@email.com,1991-11-16,police officer,female
662,Jacquetta,Elo,Jacquetta.Elo@email.com,1994-02-27,doctor,male
663,Annora,Nunci,Annora.Nunci@email.com,1986-02-19,police officer,male
664,Gratia,Bord,Gratia.Bord@email.com,1984-08-05,firefighter,female
665,Alameda,Tannie,Alameda.Tannie@email.com,1987-10-26,police officer,female
666,Elka,Kinnard,Elka.Kinnard@email.com,1995-06-27,police officer,male
667,Jenilee,Weinreb,Jenilee.Weinreb@email.com,1989-05-29,developer,female
668,Vivia,Westphal,Vivia.Westphal@email.com,1998-05-26,firefighter,male
669,Gaylene,Soneson,Gaylene.Soneson@email.com,1992-11-16,firefighter,male
670,Elora,Elo,Elora.Elo@email.com,1985-12-14,worker,female
671,Phedra,Teddman,Phedra.Teddman@email.com,1997-04-30,police officer,male
672,Celestyna,Darbie,Celestyna.Darbie@email.com,1980-02-24,doctor,female
673,Roxane,Allys,Roxane.Allys@email.com,1992-12-04,firefighter,female
674,Melina,Clie,Melina.Clie@email.com,1983-08-23,police officer,female
675,Beatriz,Gusella,Beatriz.Gusella@email.com,1999-07-03,firefighter,female
676,Merle,McNully,Merle.McNully@email.com,1990-06-01,police officer,male
677,Aurore,Durante,Aurore.Durante@email.com,1990-04-21,police officer,female
678,Annora,Lynn,Annora.Lynn@email.com,1995-03-27,doctor,female
679,Patricia,Mathilde,Patricia.Mathilde@email.com,1995-06-21,doctor,male
680,Karena,Constancy,Karena.Constancy@email.com,1991-12-27,firefighter,female
681,Minne,Nore,Minne.Nore@email.com,1984-10-17,developer,male
682,Aubrie,Katrine,Aubrie.Katrine@email.com,1998-11-09,developer,male
683,Vere,Melan,Vere.Melan@email.com,1993-12-30,developer,male
684,Camile,Arvo,Camile.Arvo@email.com,1990-08-23,police officer,female
685,Sara-Ann,Xerxes,Sara-Ann.Xerxes@email.com,1990-05-13,doctor,male
686,Tera,Freddi,Tera.Freddi@email.com,1999-08-26,firefighter,female
687,Netty,Daniele,Netty.Daniele@email.com,1998-06-05,firefighter,female
688,Georgetta,Fiester,Georgetta.Fiester@email.com,1982-12-01,doctor,female
689,Di,Lemuela,Di.Lemuela@email.com,1990-04-13,worker,male
690,Mureil,Zuzana,Mureil.Zuzana@email.com,1994-05-06,doctor,male
691,Paulita,Goddard,Paulita.Goddard@email.com,1982-06-02,firefighter,female
692,Ermengarde,Yorick,Ermengarde.Yorick@email.com,1992-03-10,doctor,female
693,Kristan,Hessler,Kristan.Hessler@email.com,1983-01-21,police officer,female
694,Petronia,Mauer,Petronia.Mauer@email.com,1981-09-24,developer,female
695,Melina,Brady,Melina.Brady@email.com,1993-04-09,firefighter,female
696,Zaria,Kannry,Zaria.Kannry@email.com,1991-06-26,police officer,male
697,Tybie,Adalbert,Tybie.Adalbert@email.com,1997-10-03,police officer,male
698,Lynde,Bettine,Lynde.Bettine@email.com,2000-09-14,developer,male
699,Trudie,Brunell,Trudie.Brunell@email.com,1999-10-22,worker,female
700,Wynne,Quent,Wynne.Quent@email.com,1980-10-02,doctor,female
701,Betta,Dielu,Betta.Dielu@email.com,1984-04-01,doctor,female
702,Mildrid,Heidt,Mildrid.Heidt@email.com,1981-05-02,firefighter,male
703,Kimberley,Lymann,Kimberley.Lymann@email.com,1995-07-01,doctor,male
704,Michaelina,Jarib,Michaelina.Jarib@email.com,1987-06-09,worker,female
705,Nadine,Annice,Nadine.Annice@email.com,1996-05-03,police officer,male
706,Cherrita,Merna,Cherrita.Merna@email.com,1993-07-27,firefighter,female
707,Tabbatha,Bertold,Tabbatha.Bertold@email.com,1982-12-09,worker,female
708,Caressa,Mayeda,Caressa.Mayeda@email.com,1989-10-22,firefighter,male
709,Tobe,Abram,Tobe.Abram@email.com,1987-07-22,developer,male
710,Elora,Mata,Elora.Mata@email.com,1983-08-15,worker,male
711,Frank,Revkah,Frank.Revkah@email.com,1991-02-21,developer,male
712,Darlleen,Olnee,Darlleen.Olnee@email.com,1999-03-20,firefighter,male
713,Phylis,Warthman,Phylis.Warthman@email.com,1997-10-27,doctor,female
714,Cissiee,Oster,Cissiee.Oster@email.com,2000-12-02,worker,female
715,Gilligan,Raama,Gilligan.Raama@email.com,1990-03-12,police officer,female
716,Orelia,Gibbeon,Orelia.Gibbeon@email.com,2000-04-23,developer,female
717,Alisha,Bury,Alisha.Bury@email.com,1982-03-06,worker,male
718,Layla,Madelene,Layla.Madelene@email.com,1987-06-06,doctor,female
719,Kristan,Concha,Kristan.Concha@email.com,1990-04-10,developer,male
720,Leia,Dearborn,Leia.Dearborn@email.com,1983-05-11,developer,male
721,Ebonee,Joachim,Ebonee.Joachim@email.com,1996-06-05,firefighter,female
722,Gretal,Nicoline,Gretal.Nicoline@email.com,1983-12-22,doctor,female
723,Ermengarde,Mauer,Ermengarde.Mauer@email.com,1986-05-21,developer,female
724,Netty,Zachary,Netty.Zachary@email.com,1994-04-05,police officer,male
725,Perry,Shirberg,Perry.Shirberg@email.com,1989-02-21,worker,female
726,Maryellen,Skurnik,Maryellen.Skurnik@email.com,1998-10-05,doctor,male
727,Lita,Smitt,Lita.Smitt@email.com,2000-09-09,worker,male
728,Emmey,Marden,Emmey.Marden@email.com,1990-12-09,firefighter,male
729,Zsa Zsa,Letsou,Zsa Zsa.Letsou@email.com,1994-12-20,police officer,female
730,Gwyneth,Hachmin,Gwyneth.Hachmin@email.com,1985-08-07,developer,female
731,Donetta,Muriel,Donetta.Muriel@email.com,1981-10-24,doctor,male
732,Joceline,Wallis,Joceline.Wallis@email.com,1988-04-21,firefighter,female
733,Tobe,Arquit,Tobe.Arquit@email.com,1998-04-08,developer,male
734,Rivalee,Llovera,Rivalee.Llovera@email.com,1991-04-28,worker,male
735,Tomasina,Engdahl,Tomasina.Engdahl@email.com,1989-10-24,doctor,male
736,Fred,Heisel,Fred.Heisel@email.com,1980-04-26,doctor,male
737,Genevra,Sundin,Genevra.Sundin@email.com,1991-08-11,worker,male
738,Margette,Lymann,Margette.Lymann@email.com,1982-10-05,worker,female
739,Kial,Verger,Kial.Verger@email.com,1981-06-22,doctor,male
740,Flory,Faust,Flory.Faust@email.com,1985-05-31,worker,female
741,Babita,Marcellus,Babita.Marcellus@email.com,1997-10-21,police officer,male
742,Ada,Fink,Ada.Fink@email.com,1988-10-08,firefighter,female
743,Dulcinea,Afton,Dulcinea.Afton@email.com,1982-01-21,firefighter,female
744,Lila,Caitlin,Lila.Caitlin@email.com,1995-10-22,developer,male
745,Kalina,Radu,Kalina.Radu@email.com,1990-11-12,developer,male
746,Yolane,Dahlia,Yolane.Dahlia@email.com,1982-01-17,developer,female
747,Roxane,Lenny,Roxane.Lenny@email.com,2000-09-13,firefighter,female
748,Benita,Vittoria,Benita.Vittoria@email.com,1989-03-07,worker,male
749,Daune,Decato,Daune.Decato@email.com,1995-11-05,worker,female
750,Max,Concha,Max.Concha@email.com,1997-10-01,firefighter,male
751,Marcy,Alisia,Marcy.Alisia@email.com,1988-11-27,developer,female
752,Lizzie,Stilwell,Lizzie.Stilwell@email.com,1987-03-15,doctor,male
753,Christian,Gavrila,Christian.Gavrila@email.com,1986-01-29,police officer,female
754,Jere,Gusella,Jere.Gusella@email.com,1989-02-06,doctor,male
755,Lita,Chesna,Lita.Chesna@email.com,1998-07-10,doctor,female
756,Jany,Roarke,Jany.Roarke@email.com,1989-12-07,developer,male
757,Lorenza,Septima,Lorenza.Septima@email.com,1980-05-14,worker,female
758,Lyssa,Ariella,Lyssa.Ariella@email.com,1980-05-16,developer,male
759,Mahalia,Fillbert,Mahalia.Fillbert@email.com,1995-02-25,worker,male
760,Di,Zola,Di.Zola@email.com,1981-07-07,worker,male
761,Althea,Adalbert,Althea.Adalbert@email.com,1997-02-28,worker,male
762,Courtnay,Bettine,Courtnay.Bettine@email.com,1980-06-10,worker,female
763,Madeleine,Bluh,Madeleine.Bluh@email.com,1983-05-06,developer,male
764,Sidoney,Pulsifer,Sidoney.Pulsifer@email.com,1997-01-11,police officer,male
765,Fina,Amasa,Fina.Amasa@email.com,1988-06-19,firefighter,male
766,Hollie,Lynn,Hollie.Lynn@email.com,1992-12-28,developer,female
767,Aurelie,Bari,Aurelie.Bari@email.com,1985-06-17,firefighter,male
768,Tami,Howlyn,Tami.Howlyn@email.com,1991-08-15,firefighter,male
769,Natka,Nedrud,Natka.Nedrud@email.com,1984-04-12,firefighter,male
770,Letizia,Erskine,Letizia.Erskine@email.com,1997-08-01,firefighter,male
771,Natka,Strephon,Natka.Strephon@email.com,2000-12-08,worker,male
772,Valera,Dituri,Valera.Dituri@email.com,1992-09-24,firefighter,female
773,Lorie,Allys,Lorie.Allys@email.com,1999-04-02,developer,male
774,Riannon,Vorster,Riannon.Vorster@email.com,1996-08-20,worker,female
775,Oona,Gilbertson,Oona.Gilbertson@email.com,1985-09-24,worker,female
776,Amara,Rustice,Amara.Rustice@email.com,1986-07-21,doctor,female
777,Blake,Sheng,Blake.Sheng@email.com,1995-06-11,worker,female
778,Rosabelle,Winnick,Rosabelle.Winnick@email.com,1986-01-30,firefighter,male
779,Gale,Rocray,Gale.Rocray@email.com,1989-02-14,police officer,male
780,Jennica,Artie,Jennica.Artie@email.com,1983-10-11,developer,female
781,Raf,Hylan,Raf.Hylan@email.com,1983-06-13,firefighter,female
782,Dode,Gombach,Dode.Gombach@email.com,1994-08-23,police officer,female
783,Nessie,Wandie,Nessie.Wandie@email.com,2000-09-29,worker,female
784,Barbara,Trace,Barbara.Trace@email.com,1985-04-29,doctor,male
785,Ruthe,Glovsky,Ruthe.Glovsky@email.com,1986-05-03,firefighter,male
786,Delilah,Gaulin,Delilah.Gaulin@email.com,1982-08-29,developer,female
787,Diena,Corrine,Diena.Corrine@email.com,1984-06-02,police officer,female
788,Olwen,Weaks,Olwen.Weaks@email.com,1990-09-27,doctor,female
789,Winny,Bouchard,Winny.Bouchard@email.com,1984-04-09,worker,female
790,Roberta,Latini,Roberta.Latini@email.com,1992-08-09,doctor,female
791,Zsa Zsa,Tayib,Zsa Zsa.Tayib@email.com,1981-11-03,firefighter,male
792,Jennica,Talia,Jennica.Talia@email.com,1988-08-18,worker,male
793,Sheelagh,Erlandson,Sheelagh.Erlandson@email.com,1995-02-07,police officer,female
794,Paule,Tremayne,Paule.Tremayne@email.com,1989-03-17,developer,male
795,Gabriellia,Pozzy,Gabriellia.Pozzy@email.com,1985-07-03,firefighter,female
796,Christy,Sekofski,Christy.Sekofski@email.com,1986-02-15,worker,male
797,Gilligan,Elvyn,Gilligan.Elvyn@email.com,1984-01-28,firefighter,male
798,Leeanne,Connelly,Leeanne.Connelly@email.com,1991-12-27,doctor,male
799,Candy,Ummersen,Candy.Ummersen@email.com,1991-07-06,developer,male
800,Ruthe,Pacorro,Ruthe.Pacorro@email.com,1992-05-08,doctor,male
801,Micheline,Primalia,Micheline.Primalia@email.com,1983-08-01,worker,male
802,Inga,Romelda,Inga.Romelda@email.com,1995-03-20,firefighter,female
803,Riannon,Cornelia,Riannon.Cornelia@email.com,1993-12-25,developer,male
804,Marguerite,Ortrude,Marguerite.Ortrude@email.com,1994-06-27,firefighter,female
805,Kittie,Weinreb,Kittie.Weinreb@email.com,1984-12-22,police officer,female
806,Angela,Audly,Angela.Audly@email.com,1995-03-09,developer,female
807,Jessy,Anis,Jessy.Anis@email.com,1989-01-17,police officer,female
808,Eolanda,Goerke,Eolanda.Goerke@email.com,1981-02-27,worker,male
809,Miquela,Klemperer,Miquela.Klemperer@email.com,1994-04-29,police officer,female
810,Ulrike,Klotz,Ulrike.Klotz@email.com,1991-04-08,doctor,female
811,Catharine,Diann,Catharine.Diann@email.com,1997-04-20,worker,female
812,Sandie,Vanni,Sandie.Vanni@email.com,1989-02-08,developer,male
813,Melisent,Gordon,Melisent.Gordon@email.com,1982-09-16,doctor,female
814,Edyth,Olympium,Edyth.Olympium@email.com,1988-03-24,worker,male
815,Wendi,Timon,Wendi.Timon@email.com,1986-12-28,firefighter,female
816,Ingrid,Kronfeld,Ingrid.Kronfeld@email.com,1988-02-11,police officer,male
817,Meghann,Rudolph,Meghann.Rudolph@email.com,1997-04-29,police officer,female
818,Kimmy,Faso,Kimmy.Faso@email.com,1993-12-23,worker,female
819,Jacenta,Dalli,Jacenta.Dalli@email.com,1997-09-14,worker,female
820,Brandise,Kermit,Brandise.Kermit@email.com,1995-09-13,police officer,male
821,Audrie,Septima,Audrie.Septima@email.com,1999-02-09,police officer,female
822,Taffy,Montgomery,Taffy.Montgomery@email.com,1989-04-26,firefighter,female
823,Gratia,Nickola,Gratia.Nickola@email.com,1985-01-29,doctor,female
824,Larine,Ioab,Larine.Ioab@email.com,1985-01-07,police officer,male
825,Dorothy,Marisa,Dorothy.Marisa@email.com,1986-09-30,worker,female
826,Mireielle,Constancy,Mireielle.Constancy@email.com,1997-12-03,police officer,male
827,Helsa,Hewitt,Helsa.Hewitt@email.com,1998-07-20,developer,male
828,Therine,Pettiford,Therine.Pettiford@email.com,1986-05-04,firefighter,male
829,Shannah,Hylan,Shannah.Hylan@email.com,1980-08-09,doctor,male
830,Shandie,Erskine,Shandie.Erskine@email.com,1983-12-18,firefighter,male
831,Tatiania,Georgy,Tatiania.Georgy@email.com,1998-02-08,worker,male
832,Layla,Howlyn,Layla.Howlyn@email.com,1991-09-27,developer,male
833,Antonietta,Gladstone,Antonietta.Gladstone@email.com,1980-05-18,police officer,male
834,Riannon,Ophelia,Riannon.Ophelia@email.com,1983-02-10,doctor,female
835,Angela,Kirbee,Angela.Kirbee@email.com,1982-01-06,firefighter,male
836,Janenna,Mayeda,Janenna.Mayeda@email.com,1980-12-14,firefighter,male
837,Janey,Tjon,Janey.Tjon@email.com,1980-02-20,firefighter,male
838,Odessa,Presber,Odessa.Presber@email.com,1992-12-03,police officer,male
839,Renae,Gualtiero,Renae.Gualtiero@email.com,1981-05-24,police officer,female
840,Leona,Klemperer,Leona.Klemperer@email.com,1982-03-04,developer,male
841,Rochette,Callista,Rochette.Callista@email.com,1999-05-28,doctor,male
842,Nonnah,Moseley,Nonnah.Moseley@email.com,1986-04-20,firefighter,female
843,Kerrin,Magdalen,Kerrin.Magdalen@email.com,1986-07-22,developer,female
844,Susette,Melleta,Susette.Melleta@email.com,1980-10-18,worker,female
845,Tiffie,Brotherson,Tiffie.Brotherson@email.com,1997-06-03,police officer,male
846,Randa,Caitlin,Randa.Caitlin@email.com,1981-06-28,worker,male
847,Binny,Gaal,Binny.Gaal@email.com,1991-12-28,worker,male
848,Priscilla,Whiffen,Priscilla.Whiffen@email.com,1982-07-15,doctor,female
849,Orsola,Shirberg,Orsola.Shirberg@email.com,1998-02-27,police officer,male
850,Stacey,Raimondo,Stacey.Raimondo@email.com,1990-10-06,developer,female
851,Riannon,Hull,Riannon.Hull@email.com,1988-11-15,police officer,female
852,Doro,Rolf,Doro.Rolf@email.com,1985-08-19,police officer,female
853,Ayn,Therine,Ayn.Therine@email.com,1997-08-12,police officer,male
854,Benita,Ummersen,Benita.Ummersen@email.com,1985-03-04,police officer,male
855,Corry,Charity,Corry.Charity@email.com,1987-11-05,worker,female
856,Clementine,Weaks,Clementine.Weaks@email.com,1987-05-29,police officer,female
857,Livvyy,Lane,Livvyy.Lane@email.com,1987-09-21,worker,male
858,Marguerite,Pauly,Marguerite.Pauly@email.com,1982-09-20,doctor,male
859,Keelia,Pettiford,Keelia.Pettiford@email.com,1994-12-27,developer,female
860,Etta,Tatianas,Etta.Tatianas@email.com,1990-11-21,worker,male
861,Joleen,Camden,Joleen.Camden@email.com,1993-08-09,police officer,female
862,Rani,Schonfeld,Rani.Schonfeld@email.com,1987-06-12,doctor,female
863,Aili,Brunell,Aili.Brunell@email.com,1985-05-19,doctor,female
864,Desirae,Goldina,Desirae.Goldina@email.com,1993-11-21,doctor,male
865,Keelia,Codding,Keelia.Codding@email.com,1986-10-29,developer,male
866,Laure,Darrell,Laure.Darrell@email.com,1990-10-16,police officer,male
867,Charissa,Penelopa,Charissa.Penelopa@email.com,2000-07-29,firefighter,female
868,Daryl,Albertine,Daryl.Albertine@email.com,1989-08-18,police officer,female
869,Elena,Anis,Elena.Anis@email.com,1988-05-30,doctor,female
870,Jackie,Tengdin,Jackie.Tengdin@email.com,1981-05-16,worker,male
871,Allyce,Elisha,Allyce.Elisha@email.com,1987-07-19,developer,male
872,Carol-Jean,McNully,Carol-Jean.McNully@email.com,1984-12-26,worker,male
873,Rochette,Joeann,Rochette.Joeann@email.com,1993-08-28,developer,female
874,Winny,Carvey,Winny.Carvey@email.com,1987-06-10,developer,male
875,Max,Lindemann,Max.Lindemann@email.com,1993-08-30,worker,male
876,Judy,Lenny,Judy.Lenny@email.com,1980-12-21,developer,male
877,Britte,Phi,Britte.Phi@email.com,1991-05-03,firefighter,male
878,Carly,Afton,Carly.Afton@email.com,1995-08-05,firefighter,female
879,Sue,Martsen,Sue.Martsen@email.com,1983-01-15,firefighter,male
880,Mariann,Diogenes,Mariann.Diogenes@email.com,1998-12-20,police officer,male
881,Cecile,Toor,Cecile.Toor@email.com,1991-11-28,doctor,male
882,Lesly,Argus,Lesly.Argus@email.com,1982-08-02,firefighter,male
883,Consuela,Noman,Consuela.Noman@email.com,1986-02-17,firefighter,female
884,Vivia,Koziara,Vivia.Koziara@email.com,1981-09-03,developer,male
885,Lily,Durware,Lily.Durware@email.com,1994-02-22,firefighter,male
886,Briney,Behre,Briney.Behre@email.com,1989-12-16,firefighter,male
887,Paule,Denis,Paule.Denis@email.com,1998-02-17,firefighter,female
888,Lelah,Publia,Lelah.Publia@email.com,1999-09-13,developer,female
889,Morganica,Dituri,Morganica.Dituri@email.com,2000-11-27,worker,male
890,Cyb,Fiann,Cyb.Fiann@email.com,1981-04-18,developer,male
891,Dorene,Braun,Dorene.Braun@email.com,1996-05-16,developer,male
892,Belva,Seligman,Belva.Seligman@email.com,1995-06-20,doctor,male
893,Lorie,Elbertina,Lorie.Elbertina@email.com,1999-12-29,firefighter,male
894,Carly,Woodberry,Carly.Woodberry@email.com,1995-08-11,police officer,male
895,Imojean,Winnick,Imojean.Winnick@email.com,1994-11-23,worker,female
896,Louella,Gino,Louella.Gino@email.com,1991-07-10,worker,male
897,Leia,Read,Leia.Read@email.com,1989-03-22,worker,male
898,Livvyy,Terencio,Livvyy.Terencio@email.com,1987-12-16,developer,male
899,Jeanna,Valerio,Jeanna.Valerio@email.com,1993-01-22,police officer,female
900,Blondelle,Slifka,Blondelle.Slifka@email.com,1995-01-10,worker,male
901,Sarette,Hedve,Sarette.Hedve@email.com,1991-12-17,worker,male
902,Mellicent,Crudden,Mellicent.Crudden@email.com,1991-09-13,firefighter,female
903,Ulrike,Baylor,Ulrike.Baylor@email.com,1987-06-05,doctor,male
904,Korrie,Mendez,Korrie.Mendez@email.com,1992-01-22,doctor,male
905,Meg,Lilybelle,Meg.Lilybelle@email.com,1998-12-30,worker,male
906,Barbara,An,Barbara.An@email.com,2000-06-04,police officer,female
907,Xylina,Lemuela,Xylina.Lemuela@email.com,1993-05-27,firefighter,female
908,Brynna,Capello,Brynna.Capello@email.com,1992-03-15,doctor,male
909,Doralynne,Monaco,Doralynne.Monaco@email.com,1991-04-23,developer,male
910,Gertrud,Narton,Gertrud.Narton@email.com,1995-02-20,firefighter,female
911,Cecile,Hoban,Cecile.Hoban@email.com,1983-10-16,police officer,female
912,Zia,Sikorski,Zia.Sikorski@email.com,1985-06-18,doctor,male
913,Molli,Isacco,Molli.Isacco@email.com,1982-10-06,police officer,male
914,Kara-Lynn,Henebry,Kara-Lynn.Henebry@email.com,1992-08-20,worker,female
915,Gabriellia,Halla,Gabriellia.Halla@email.com,1983-05-21,firefighter,female
916,Ebonee,Danby,Ebonee.Danby@email.com,1996-04-14,firefighter,male
917,Lisette,Irmine,Lisette.Irmine@email.com,1999-12-10,developer,male
918,Ann-Marie,Cohdwell,Ann-Marie.Cohdwell@email.com,1995-05-20,worker,male
919,Sissy,Salvidor,Sissy.Salvidor@email.com,1983-11-09,worker,male
920,Paulita,Madaih,Paulita.Madaih@email.com,1996-07-19,police officer,male
921,Penelopa,Loleta,Penelopa.Loleta@email.com,1995-06-14,worker,male
922,Alleen,Ardeha,Alleen.Ardeha@email.com,1994-02-08,doctor,female
923,Beverley,Neils,Beverley.Neils@email.com,1995-04-10,police officer,male
924,Fidelia,Felizio,Fidelia.Felizio@email.com,1991-08-24,developer,male
925,Nerta,Urias,Nerta.Urias@email.com,1998-01-26,worker,male
926,Lulita,Emerson,Lulita.Emerson@email.com,2000-05-09,firefighter,female
927,Wilma,Abram,Wilma.Abram@email.com,1988-05-31,police officer,female
928,Britni,Kaete,Britni.Kaete@email.com,1996-06-14,police officer,male
929,Kellen,Nahum,Kellen.Nahum@email.com,1997-12-30,developer,female
930,Therine,Sophronia,Therine.Sophronia@email.com,1985-12-26,worker,female
931,Xylina,Valoniah,Xylina.Valoniah@email.com,1995-08-05,firefighter,male
932,Danny,Milde,Danny.Milde@email.com,1989-02-04,firefighter,male
933,Shaine,Leonard,Shaine.Leonard@email.com,1995-06-19,doctor,female
934,Barbara,Alcott,Barbara.Alcott@email.com,1980-11-29,doctor,male
935,Amara,Vorster,Amara.Vorster@email.com,1994-01-20,firefighter,female
936,Benita,Haerr,Benita.Haerr@email.com,1995-01-04,police officer,male
937,Lily,Jobi,Lily.Jobi@email.com,1991-03-20,doctor,male
938,Vinita,Tatianas,Vinita.Tatianas@email.com,1998-11-18,developer,female
939,Rozele,Hermes,Rozele.Hermes@email.com,1989-06-04,doctor,male
940,Devina,Parette,Devina.Parette@email.com,1989-03-22,developer,male
941,Darci,Percy,Darci.Percy@email.com,1997-10-10,worker,male
942,Alie,Kunin,Alie.Kunin@email.com,1982-08-16,doctor,female
943,Corene,Gordon,Corene.Gordon@email.com,1987-08-26,firefighter,male
944,Katuscha,Ambrosia,Katuscha.Ambrosia@email.com,1983-11-18,developer,female
945,Dione,Swanhildas,Dione.Swanhildas@email.com,1992-05-02,doctor,female
946,Dagmar,Izaak,Dagmar.Izaak@email.com,1997-12-17,firefighter,male
947,Sharai,Abram,Sharai.Abram@email.com,1980-02-04,doctor,male
948,Berget,O'Neill,Berget.O'Neill@email.com,1987-10-05,firefighter,female
949,Carilyn,Gibbeon,Carilyn.Gibbeon@email.com,2000-09-09,worker,female
950,Maye,Waldron,Maye.Waldron@email.com,1999-06-12,doctor,male
951,Queenie,Tomasina,Queenie.Tomasina@email.com,1999-03-25,firefighter,female
952,Viviene,Mich,Viviene.Mich@email.com,1982-11-04,police officer,male
953,Courtnay,Mich,Courtnay.Mich@email.com,2000-04-05,police officer,male
954,Dode,Odysseus,Dode.Odysseus@email.com,1995-01-08,worker,female
955,Livvyy,Leifeste,Livvyy.Leifeste@email.com,1996-08-28,firefighter,female
956,Ketti,Radu,Ketti.Radu@email.com,1993-04-21,police officer,male
957,Brynna,Daveta,Brynna.Daveta@email.com,1984-07-21,police officer,male
958,Lanae,Mata,Lanae.Mata@email.com,1983-10-06,firefighter,male
959,Valli,Jary,Valli.Jary@email.com,1980-02-20,firefighter,female
960,Brena,Aaberg,Brena.Aaberg@email.com,1990-07-28,firefighter,male
961,Asia,Hamil,Asia.Hamil@email.com,1996-03-06,worker,male
962,Aili,Glenden,Aili.Glenden@email.com,1997-01-17,police officer,female
963,Clementine,Darrell,Clementine.Darrell@email.com,1991-02-16,developer,male
964,Michaelina,Dom,Michaelina.Dom@email.com,1993-10-22,developer,female
965,Joceline,Hylan,Joceline.Hylan@email.com,1988-01-25,firefighter,male
966,Celisse,Justinn,Celisse.Justinn@email.com,1995-10-13,worker,female
967,Katharina,Ahab,Katharina.Ahab@email.com,1992-07-16,doctor,male
968,Charmaine,Gunn,Charmaine.Gunn@email.com,1991-04-12,worker,male
969,Konstance,Kimmie,Konstance.Kimmie@email.com,1980-05-30,police officer,female
970,Margarette,Weinreb,Margarette.Weinreb@email.com,1992-06-18,doctor,female
971,Fred,Meli,Fred.Meli@email.com,1990-02-22,worker,male
972,Leia,Fleeta,Leia.Fleeta@email.com,1992-10-31,developer,female
973,Tomasina,Travax,Tomasina.Travax@email.com,1993-12-07,doctor,female
974,Glenda,Jalbert,Glenda.Jalbert@email.com,1988-09-18,developer,female
975,Leontine,Leonard,Leontine.Leonard@email.com,1982-11-23,worker,male
976,Kamilah,Paton,Kamilah.Paton@email.com,1991-04-13,developer,female
977,Jenilee,Hortensia,Jenilee.Hortensia@email.com,1992-12-03,worker,female
978,Jeanna,Milde,Jeanna.Milde@email.com,1980-11-21,firefighter,female
979,Amalie,Gwenore,Amalie.Gwenore@email.com,1982-08-10,doctor,male
980,Halette,Robertson,Halette.Robertson@email.com,1987-06-07,doctor,female
981,Darlleen,Wolfgram,Darlleen.Wolfgram@email.com,1984-12-16,police officer,female
982,Alex,Shaver,Alex.Shaver@email.com,1999-03-22,worker,female
983,Molli,Avi,Molli.Avi@email.com,1982-06-23,firefighter,female
984,Gui,Hebner,Gui.Hebner@email.com,1990-02-04,firefighter,male
985,Maisey,Isacco,Maisey.Isacco@email.com,1985-03-22,firefighter,male
986,Emmey,Greenwald,Emmey.Greenwald@email.com,1992-12-13,firefighter,male
987,Yetty,Bow,Yetty.Bow@email.com,1991-01-31,worker,male
988,Jsandye,Slifka,Jsandye.Slifka@email.com,1994-07-08,worker,female
989,Talya,Tound,Talya.Tound@email.com,1982-05-25,doctor,female
990,Farrah,Ardra,Farrah.Ardra@email.com,1981-11-25,worker,female
991,Hannis,Susannah,Hannis.Susannah@email.com,1987-10-07,doctor,male
992,Hermione,Sancho,Hermione.Sancho@email.com,1994-07-15,worker,female
993,Theodora,Ophelia,Theodora.Ophelia@email.com,1991-06-20,firefighter,male
994,Roz,Havens,Roz.Havens@email.com,1981-03-17,doctor,female
995,Ricky,Kellby,Ricky.Kellby@email.com,1988-01-13,worker,male
996,Edee,McNully,Edee.McNully@email.com,1997-01-08,police officer,female
997,Wynne,Mott,Wynne.Mott@email.com,1992-07-25,police officer,female
998,Marcelline,Cosenza,Marcelline.Cosenza@email.com,1983-04-28,developer,male
999,Natka,Burkle,Natka.Burkle@email.com,1980-10-06,developer,female
1000,Lolita,Thomasina,Lolita.Thomasina@email.com,1981-07-26,doctor,female
1001,Frances,Yate,Frances.Yate@email.com,1994-02-07,doctor,male
1002,Audrie,Hedve,Audrie.Hedve@email.com,1984-08-06,worker,female
1003,Selia,Franza,Selia.Franza@email.com,1999-04-23,developer,female
1004,Carmela,Natalia,Carmela.Natalia@email.com,1984-09-12,developer,female
1005,Jaclyn,Zenas,Jaclyn.Zenas@email.com,1990-09-30,developer,female
1006,Neila,Susannah,Neila.Susannah@email.com,1985-05-12,developer,female
1007,Fanchon,Andrel,Fanchon.Andrel@email.com,1991-12-04,doctor,female
1008,Atlanta,Weitman,Atlanta.Weitman@email.com,1987-08-24,firefighter,male
1009,Rosabelle,Lay,Rosabelle.Lay@email.com,1988-11-12,police officer,male
1010,Pamella,Ochs,Pamella.Ochs@email.com,1987-08-05,worker,female
1011,Hannis,Lumbard,Hannis.Lumbard@email.com,1994-02-21,doctor,male
1012,Frieda,Maxi,Frieda.Maxi@email.com,1989-11-19,worker,female
1013,Tressa,Schroth,Tressa.Schroth@email.com,1995-11-04,developer,female
1014,Therine,Thema,Therine.Thema@email.com,1987-01-14,police officer,female
1015,Marjie,Zeeba,Marjie.Zeeba@email.com,1983-10-11,firefighter,female
1016,Andree,Pandolfi,Andree.Pandolfi@email.com,1996-03-20,police officer,male
1017,Gusella,Stoller,Gusella.Stoller@email.com,1991-03-06,developer,female
1018,Ernesta,Atcliffe,Ernesta.Atcliffe@email.com,1994-01-07,doctor,female
1019,Tonia,Clie,Tonia.Clie@email.com,1996-07-02,firefighter,male
1020,Dorene,Ummersen,Dorene.Ummersen@email.com,1988-06-23,doctor,male
1021,Rayna,Haymes,Rayna.Haymes@email.com,1983-07-27,police officer,male
1022,Dagmar,Danby,Dagmar.Danby@email.com,1990-03-10,worker,male
1023,Marsiella,Kevon,Marsiella.Kevon@email.com,1992-05-25,firefighter,female
1024,Brooks,Linskey,Brooks.Linskey@email.com,1980-08-03,developer,female
1025,Emmey,Guildroy,Emmey.Guildroy@email.com,1992-12-12,developer,female
1026,Almeta,Velick,Almeta.Velick@email.com,1982-02-01,doctor,male
1027,Gratia,Stoller,Gratia.Stoller@email.com,1983-06-22,worker,male
1028,Noelle,Dulciana,Noelle.Dulciana@email.com,1985-02-15,developer,female
1029,Eugine,Destinee,Eugine.Destinee@email.com,1987-01-08,doctor,female
1030,Brynna,Fennessy,Brynna.Fennessy@email.com,1985-12-05,police officer,female
1031,Charmaine,Norrie,Charmaine.Norrie@email.com,1987-09-16,police officer,female
1032,June,Arvo,June.Arvo@email.com,1991-08-14,police officer,female
1033,Kial,Maurine,Kial.Maurine@email.com,1989-02-13,doctor,male
1034,Felice,Earlie,Felice.Earlie@email.com,1996-07-10,developer,female
1035,Wynne,Moseley,Wynne.Moseley@email.com,1985-08-22,doctor,female
1036,Tersina,Bendick,Tersina.Bendick@email.com,1998-04-16,police officer,female
1037,Peri,Lemuela,Peri.Lemuela@email.com,1982-02-01,firefighter,male
1038,Benita,Gerge,Benita.Gerge@email.com,1991-12-16,doctor,male
1039,Joy,Lilas,Joy.Lilas@email.com,1999-11-17,doctor,female
1040,Laurene,Marisa,Laurene.Marisa@email.com,1986-06-01,doctor,female
1041,Adele,Cressida,Adele.Cressida@email.com,1993-07-24,doctor,male
1042,Chandra,Gahl,Chandra.Gahl@email.com,1983-01-27,developer,male
1043,Cissiee,Thornburg,Cissiee.Thornburg@email.com,1985-09-01,firefighter,male
1044,Celene,Wolfgram,Celene.Wolfgram@email.com,1993-01-23,doctor,female
1045,Merci,Hourigan,Merci.Hourigan@email.com,1997-09-01,firefighter,male
1046,Penelopa,Dash,Penelopa.Dash@email.com,1998-09-08,police officer,male
1047,Adriana,Cutlerr,Adriana.Cutlerr@email.com,1995-06-18,worker,female
1048,Berta,Kenwood,Berta.Kenwood@email.com,1980-10-01,police officer,male
1049,Juliane,Allys,Juliane.Allys@email.com,2000-04-06,doctor,male
1050,Vonny,Milde,Vonny.Milde@email.com,1997-07-21,firefighter,female
1051,Tressa,Bibi,Tressa.Bibi@email.com,1998-08-19,worker,female
1052,Grier,Creamer,Grier.Creamer@email.com,1981-03-30,police officer,female
1053,Rebeca,Jehu,Rebeca.Jehu@email.com,2000-06-20,worker,male
1054,Ingrid,Syd,Ingrid.Syd@email.com,1983-03-12,firefighter,female
1055,Lorenza,Pascia,Lorenza.Pascia@email.com,1997-07-11,worker,male
1056,Neila,Brian,Neila.Brian@email.com,1992-11-11,developer,male
1057,Frieda,Demitria,Frieda.Demitria@email.com,1992-11-17,developer,female
1058,Paola,Charmine,Paola.Charmine@email.com,1992-04-09,doctor,male
1059,Ingrid,Peg,Ingrid.Peg@email.com,1986-09-21,developer,female
1060,Pearline,Jary,Pearline.Jary@email.com,1997-08-24,developer,female
1061,Kathy,Rosalba,Kathy.Rosalba@email.com,1987-12-07,developer,male
1062,Pamella,Alfons,Pamella.Alfons@email.com,1989-07-18,police officer,male
1063,Elyssa,Camden,Elyssa.Camden@email.com,1982-11-19,worker,male
1064,Inga,Hurley,Inga.Hurley@email.com,1996-12-17,doctor,male
1065,Malina,Iaverne,Malina.Iaverne@email.com,1982-05-24,doctor,male
1066,Barbara,Pernick,Barbara.Pernick@email.com,1998-08-15,worker,female
1067,Beth,Chobot,Beth.Chobot@email.com,1986-09-03,doctor,male
1068,Arlena,Stav,Arlena.Stav@email.com,1995-01-12,firefighter,male
1069,Mildrid,Lesley,Mildrid.Lesley@email.com,1990-12-22,developer,female
1070,Glenda,Konyn,Glenda.Konyn@email.com,1995-02-07,worker,female
1071,Charmaine,Pip,Charmaine.Pip@email.com,2000-05-18,worker,female
1072,Janey,Therine,Janey.Therine@email.com,1996-03-21,doctor,male
1073,Lily,Arley,Lily.Arley@email.com,1994-11-30,police officer,male
1074,Sissy,Egbert,Sissy.Egbert@email.com,1986-12-29,firefighter,female
1075,Marika,Orpah,Marika.Orpah@email.com,1994-12-07,developer,male
1076,Valli,Frendel,Valli.Frendel@email.com,1992-03-03,developer,female
1077,Shel,Darbie,Shel.Darbie@email.com,1995-09-28,worker,female
1078,Laurene,Kosey,Laurene.Kosey@email.com,1999-08-22,developer,male
1079,Jere,Elvyn,Jere.Elvyn@email.com,1981-06-06,police officer,male
1080,Althea,Obed,Althea.Obed@email.com,1990-08-12,worker,male
1081,Katleen,Felecia,Katleen.Felecia@email.com,1987-03-02,firefighter,male
1082,Margarette,Tarrant,Margarette.Tarrant@email.com,1988-10-30,worker,female
1083,Wilma,Martsen,Wilma.Martsen@email.com,1987-04-09,police officer,male
1084,Paulita,Saree,Paulita.Saree@email.com,1997-06-28,developer,male
1085,Andree,Nance,Andree.Nance@email.com,1991-07-21,developer,male
1086,Lorie,Chesna,Lorie.Chesna@email.com,1984-01-17,firefighter,female
1087,Rosaline,Philoo,Rosaline.Philoo@email.com,1987-11-26,doctor,male
1088,Hayley,Durware,Hayley.Durware@email.com,1988-07-31,worker,male
1089,Vonny,Cohdwell,Vonny.Cohdwell@email.com,1987-06-01,firefighter,female
1090,Ericka,Ajay,Ericka.Ajay@email.com,1992-04-20,police officer,female
1091,Averyl,Evangelia,Averyl.Evangelia@email.com,1996-01-21,worker,male
1092,Mariann,Schlosser,Mariann.Schlosser@email.com,1988-05-20,developer,female
1093,Mildrid,Joseph,Mildrid.Joseph@email.com,1988-12-29,firefighter,male
1094,Genovera,Arne,Genovera.Arne@email.com,1987-05-05,police officer,male
1095,Leeanne,Yerkovich,Leeanne.Yerkovich@email.com,1981-08-09,police officer,male
1096,Luci,Bivins,Luci.Bivins@email.com,1991-12-01,police officer,female
1097,Amii,Ariella,Amii.Ariella@email.com,1984-03-08,developer,female
1098,Marti,Hewitt,Marti.Hewitt@email.com,1991-11-24,firefighter,female
1099,Leanna,Arvo,Leanna.Arvo@email.com,1999-06-28,developer,male